id,name,team,position,price,form,ppg,ownership,minutes_pct,ict_index,bonus,xgi_per90,fdr,fixture_ease,status,score
430,Haaland,MCI,FWD,14.8,5.4,7.1,67.4,0.8861111111111111,238.6,35,0.9,2,4,a,81.2
82,Semenyo,MCI,MID,8.1,7.0,6.1,53.6,0.9567460317460318,195.2,17,0.44,2,4,a,75.6
373,Virgil,LIV,DEF,6.1,7.8,4.6,29.0,1.0,123.4,9,0.11,2,4,a,65.9
661,Ekitiké,LIV,FWD,9.0,6.2,4.7,27.8,0.6642857142857143,135.7,19,0.62,2,4,a,64.2
411,O'Reilly,MCI,DEF,5.0,7.8,4.6,9.9,0.8095238095238095,108.0,6,0.21,2,4,a,63.4
249,João Pedro,CHE,FWD,7.6,7.0,5.1,45.9,0.7801587301587302,165.3,25,0.54,4,2,a,62.4
242,Dewsbury-Hall,EVE,MID,5.0,5.4,4.9,3.5,0.6896825396825397,101.1,13,0.34,1,5,a,61.4
449,B.Fernandes,MUN,MID,9.9,4.8,6.0,37.6,0.8234126984126984,234.4,25,0.65,4,2,a,59.7
21,Rice,ARS,MID,7.5,4.3,5.6,33.2,0.9226190476190477,179.8,21,0.34,3,3,a,57.0
624,Bowen,WHU,FWD,7.6,5.2,4.7,7.8,0.9956349206349207,163.1,21,0.34,3,3,a,54.7
5,Gabriel,ARS,DEF,7.1,3.8,6.5,42.6,0.751984126984127,91.6,18,0.14,3,3,a,54.0
260,Guéhi,MCI,DEF,5.2,4.2,5.1,36.7,0.9226190476190477,109.9,9,0.19,2,4,a,54.0
303,Garner,EVE,MID,5.2,3.6,4.2,3.7,0.9972222222222222,145.2,11,0.22,1,5,a,53.1
299,Ndiaye,EVE,MID,6.2,3.8,4.3,3.9,0.7472222222222222,114.7,5,0.39,1,5,a,52.0
374,Konaté,LIV,DEF,5.5,5.6,4.0,4.1,0.9230158730158731,83.1,8,0.07,2,4,a,51.4
387,Szoboszlai,LIV,MID,6.8,4.0,4.0,9.4,0.9253968253968254,171.0,14,0.31,2,4,a,51.4
390,Gravenberch,LIV,MID,5.5,4.4,4.6,5.1,0.9099206349206349,104.7,13,0.12,2,4,a,51.2
136,Thiago,BRE,FWD,7.1,3.2,5.0,33.6,0.9452380952380952,185.8,18,0.64,3,3,a,51.0
329,Wilson,FUL,MID,6.0,2.8,4.9,22.1,0.7996031746031746,149.0,17,0.36,2,4,a,50.8
119,Mbeumo,MUN,MID,8.7,4.4,5.2,24.1,0.7484126984126984,180.7,15,0.55,4,2,a,49.5
83,O.Dango,BRE,MID,5.9,5.6,4.3,2.9,0.6059523809523809,94.5,10,0.45,3,3,a,49.4
337,Raúl,FUL,FWD,6.1,4.6,3.6,2.5,0.7031746031746032,133.4,7,0.53,2,4,a,49.2
666,Gyökeres,ARS,FWD,8.8,5.8,3.5,12.3,0.6849206349206349,113.9,11,0.52,3,3,a,49.2
381,M.Salah,LIV,MID,14.0,3.6,4.3,14.3,0.6753968253968254,152.6,5,0.57,2,4,a,49.1
47,Rogers,AVL,MID,7.7,3.6,4.6,31.2,0.9908730158730159,179.8,13,0.3,3,3,a,48.7
407,Matheus N.,MCI,DEF,5.4,3.6,4.9,3.2,0.821031746031746,87.6,14,0.08,2,4,a,48.4
660,Stach,LEE,MID,4.7,3.0,4.8,2.1,0.7341269841269841,143.2,11,0.29,2,4,a,47.9
16,Saka,ARS,MID,9.8,3.0,5.0,7.6,0.6845238095238095,187.2,13,0.63,3,3,a,47.2
324,Iwobi,FUL,MID,6.3,4.2,3.8,0.9,0.7035714285714286,105.3,10,0.23,2,4,a,46.9
691,Calvert-Lewin,LEE,FWD,5.8,2.6,4.2,9.4,0.7253968253968254,133.5,16,0.55,2,4,a,46.2
384,Gakpo,LIV,MID,7.3,3.6,3.8,5.5,0.7571428571428571,147.2,5,0.47,2,4,a,46.2
736,Donnarumma,MCI,GK,5.6,4.6,4.1,9.2,0.8869047619047619,50.9,3,0.0,2,4,a,45.6
256,Muñoz,CRY,DEF,5.9,3.4,5.6,8.3,0.665079365079365,97.9,8,0.28,3,3,a,45.1
72,Senesi,BOU,DEF,4.9,4.2,4.3,16.2,0.9476190476190476,128.4,6,0.2,3,3,a,44.8
386,Mac Allister,LIV,MID,6.2,5.2,2.7,1.5,0.7563492063492063,89.4,3,0.2,2,4,a,44.6
253,Henderson,CRY,GK,5.0,5.4,4.0,7.5,0.9642857142857143,62.5,7,0.0,3,3,a,44.6
26,Zubimendi,ARS,MID,5.3,4.7,3.9,5.0,0.9345238095238095,107.9,9,0.17,3,3,a,44.2
531,Ballard,SUN,DEF,4.6,4.4,4.4,3.2,0.7345238095238096,102.4,8,0.14,3,3,a,44.2
291,Tarkowski,EVE,DEF,5.7,1.8,4.3,10.7,1.0,110.6,6,0.12,1,5,a,44.2
295,Keane,EVE,DEF,4.6,2.0,4.4,3.5,0.773015873015873,82.8,8,0.1,1,5,a,44.0
603,Diouf,WHU,DEF,4.0,6.0,3.4,1.8,0.7234126984126984,64.7,3,0.1,3,3,a,43.8
90,Scott,BOU,MID,5.1,5.4,3.5,1.3,0.8087301587301587,88.6,6,0.19,3,3,a,43.8
457,Casemiro,MUN,MID,5.6,4.6,4.6,2.5,0.7198412698412698,131.5,14,0.32,4,2,a,43.7
615,Summerville,WHU,MID,5.7,5.0,3.5,3.1,0.7007936507936507,103.0,7,0.3,3,3,a,43.5
74,Truffert,BOU,DEF,4.5,5.0,3.5,2.1,0.9833333333333333,98.8,7,0.07,3,3,a,42.6
547,E.Le Fée,SUN,MID,4.9,4.2,3.8,1.4,0.875,121.9,8,0.31,3,3,a,42.4
414,Foden,MCI,MID,8.1,1.4,4.5,9.0,0.680952380952381,163.0,10,0.47,2,4,a,42.3
200,Anthony,BUR,MID,5.0,4.6,3.6,1.8,0.7293650793650793,113.3,6,0.26,3,3,a,42.3
708,M.Fernandes,WHU,MID,5.5,4.4,3.9,0.4,0.8424603174603175,106.4,6,0.13,3,3,a,41.9
366,A.Becker,LIV,GK,5.4,3.8,3.7,6.3,0.8214285714285714,39.2,8,0.0,2,4,a,41.6
67,Petrović,BOU,GK,4.5,5.6,3.1,4.7,1.0,61.8,5,0.0,3,3,a,41.5
8,J.Timber,ARS,DEF,6.3,2.8,4.7,27.7,0.8869047619047619,117.4,7,0.23,3,3,a,41.5
287,Pickford,EVE,GK,5.6,1.6,4.0,13.0,1.0,63.9,11,0.0,1,5,a,41.4
237,Enzo,CHE,MID,6.7,2.8,4.6,17.9,0.8865079365079365,193.0,14,0.61,4,2,a,41.2
258,Mitchell,CRY,DEF,5.0,4.0,3.9,2.1,0.9515873015873015,99.6,7,0.1,3,3,a,40.3
408,Rúben,MCI,DEF,5.5,2.6,4.5,3.3,0.7714285714285715,68.8,3,0.05,2,4,a,39.8
354,Ampadu,LEE,MID,4.9,3.2,3.5,0.2,0.8746031746031746,74.3,6,0.13,2,4,a,39.5
32,Martinez,AVL,GK,5.1,4.0,4.0,4.8,0.8392857142857143,53.7,10,0.0,3,3,a,39.4
350,Aaronson,LEE,MID,5.4,2.4,3.8,0.6,0.709920634920635,108.9,5,0.35,2,4,a,39.3
113,Van den Berg,BRE,DEF,4.5,4.8,3.3,0.9,0.8067460317460318,71.3,3,0.14,3,3,a,39.2
257,Lacroix,CRY,DEF,5.1,3.2,4.5,5.0,0.9285714285714286,87.7,7,0.1,3,3,a,39.1
684,Thiaw,NEW,DEF,5.0,3.2,4.0,4.5,0.8400793650793651,102.8,11,0.17,3,3,a,39.0
235,Palmer,CHE,MID,10.6,7.4,5.1,16.3,0.4234126984126984,96.4,7,0.78,4,2,a,38.8
310,Barry,EVE,FWD,5.7,2.4,2.5,1.0,0.6317460317460317,73.2,5,0.37,1,5,a,38.3
348,Rodon,LEE,DEF,3.9,3.0,3.2,3.9,0.8988095238095238,78.8,5,0.06,2,4,a,37.7
1,Raya,ARS,GK,6.0,3.2,4.0,34.2,1.0,44.5,5,0.0,3,3,a,36.9
302,Gana,EVE,MID,5.4,1.8,3.1,0.1,0.626984126984127,61.1,4,0.13,1,5,a,36.7
450,Cunha,MUN,MID,8.0,3.4,4.0,7.9,0.6813492063492064,132.2,10,0.4,4,2,a,36.7
440,Dalot,MUN,DEF,4.6,4.4,3.7,5.0,0.7658730158730159,93.4,9,0.16,4,2,a,36.7
20,Trossard,ARS,MID,6.7,2.3,4.0,1.0,0.6309523809523809,125.8,9,0.42,3,3,a,36.5
646,J.Gomes,WOL,MID,5.3,4.2,3.0,0.3,0.8400793650793651,80.3,4,0.11,3,3,a,36.3
261,Richards,CRY,DEF,4.4,3.0,4.3,2.6,0.8182539682539682,77.6,3,0.11,3,3,a,36.1
416,Bernardo,MCI,MID,6.2,3.2,2.5,0.6,0.8186507936507936,98.2,1,0.17,2,4,a,36.0
610,Wan-Bissaka,WHU,DEF,4.1,4.6,2.8,4.6,0.6511904761904762,66.0,0,0.04,3,3,a,35.8
517,Anderson,NFO,MID,5.4,4.2,4.4,6.4,0.9587301587301588,153.4,7,0.19,5,1,a,35.7
293,O'Brien,EVE,DEF,4.9,1.4,3.2,0.6,0.9031746031746032,75.3,2,0.07,1,5,a,35.5
628,José Sá,WOL,GK,4.2,4.3,3.1,1.2,0.6071428571428571,38.3,6,0.0,3,3,a,35.5
683,Alderete,SUN,DEF,4.1,2.8,3.9,6.3,0.8265873015873015,86.9,5,0.09,3,3,a,35.0
38,Konsa,AVL,DEF,4.4,3.6,3.3,8.2,0.9543650793650794,67.7,3,0.06,3,3,a,34.8
101,Kelleher,BRE,GK,4.7,3.0,3.6,11.8,0.9642857142857143,64.7,6,0.0,3,3,a,34.2
64,Watkins,AVL,FWD,8.6,1.6,3.7,8.8,0.823015873015873,134.3,11,0.47,3,3,a,34.2
606,Mavropanos,WHU,DEF,4.4,4.2,2.9,0.1,0.682936507936508,56.9,0,0.09,3,3,a,34.0
342,Bogle,LEE,DEF,4.4,3.0,2.6,0.2,0.8670634920634921,70.6,0,0.13,2,4,a,34.0
670,Roefs,SUN,GK,4.9,2.4,3.9,11.4,1.0,72.1,9,0.0,3,3,a,33.9
236,Neto,CHE,MID,7.0,2.6,4.0,4.8,0.821031746031746,154.1,8,0.42,4,2,a,33.9
633,H.Bueno,WOL,DEF,4.3,3.5,2.7,0.2,0.7321428571428571,109.2,4,0.15,3,3,a,33.9
371,Kerkez,LIV,DEF,5.6,2.6,2.5,3.0,0.7488095238095238,83.5,4,0.08,2,4,a,33.7
292,Mykolenko,EVE,DEF,4.9,1.2,3.0,0.6,0.817063492063492,69.3,1,0.11,1,5,a,33.7
317,Andersen,FUL,DEF,4.5,1.4,3.6,4.8,0.9091269841269841,89.6,5,0.11,2,4,a,33.6
636,S.Bueno,WOL,DEF,4.4,3.3,3.5,0.1,0.6912698412698413,65.8,2,0.13,3,3,a,33.6
343,Struijk,LEE,DEF,4.3,2.0,3.1,0.4,0.8543650793650793,84.2,3,0.12,2,4,a,33.2
226,Chalobah,CHE,DEF,5.7,2.4,4.8,20.4,0.9047619047619048,88.5,7,0.07,4,2,a,33.1
151,Van Hecke,BHA,DEF,4.4,3.2,4.0,3.7,0.8809523809523809,106.3,7,0.12,4,2,a,33.0
318,Bassey,FUL,DEF,4.4,1.8,3.4,0.4,0.611904761904762,55.2,6,0.07,2,4,a,32.8
6,Saliba,ARS,DEF,6.1,2.7,3.7,13.5,0.7515873015873016,53.0,4,0.06,3,3,a,32.7
97,Evanilson,BOU,FWD,6.9,2.4,3.2,2.5,0.7674603174603175,114.7,5,0.39,3,3,a,32.7
84,Tavernier,BOU,MID,5.3,1.2,4.2,1.2,0.734920634920635,119.9,8,0.39,3,3,a,32.4
417,Cherki,MCI,MID,6.4,2.8,4.1,7.9,0.4658730158730159,130.9,12,0.64,2,4,a,32.0
634,Mosquera,WOL,DEF,4.3,3.8,2.5,0.1,0.6293650793650793,62.1,3,0.11,3,3,a,32.0
322,Tete,FUL,DEF,4.5,1.2,3.7,0.3,0.6071428571428571,64.3,5,0.1,2,4,a,31.8
673,J.Palhinha,TOT,MID,5.5,2.0,3.7,0.8,0.6325396825396825,72.7,11,0.09,3,3,a,31.6
120,Schade,BRE,MID,6.9,1.2,3.8,1.4,0.7829365079365079,135.5,5,0.51,3,3,a,31.3
273,Wharton,CRY,MID,5.0,2.4,3.2,0.6,0.7888888888888889,95.5,4,0.29,3,3,a,31.2
77,Hill,BOU,DEF,4.1,6.2,3.5,6.5,0.476984126984127,46.1,2,0.08,3,3,a,31.0
36,Cash,AVL,DEF,4.9,1.2,3.9,10.9,0.9154761904761904,113.3,6,0.14,3,3,a,30.7
178,Welbeck,BHA,FWD,6.1,2.8,3.2,3.7,0.6087301587301587,102.5,11,0.56,4,2,a,30.6
330,Berge,FUL,MID,4.9,2.0,2.5,0.1,0.8932539682539683,71.0,3,0.09,2,4,a,30.4
807,Rayan,BOU,MID,5.6,4.8,4.8,2.7,0.15,26.5,2,0.45,3,3,a,30.3
402,Aït-Nouri,MCI,DEF,5.7,4.8,3.4,3.9,0.2492063492063492,20.1,4,0.22,2,4,a,30.2
654,Strand Larsen,CRY,FWD,6.2,3.4,2.2,2.3,0.6623015873015873,69.4,3,0.23,3,3,a,30.2
108,Ajer,BRE,DEF,4.4,3.2,2.9,0.3,0.609920634920635,51.1,1,0.08,3,3,a,30.1
575,Van de Ven,TOT,DEF,4.5,0.8,4.0,22.8,0.8884920634920634,85.2,10,0.12,3,3,a,30.0
515,Gibbs-White,NFO,MID,7.3,3.0,3.9,3.4,0.9119047619047619,153.1,8,0.34,5,1,a,29.7
241,Caicedo,CHE,MID,5.7,2.2,4.0,7.8,0.7396825396825397,83.8,10,0.15,4,2,a,29.3
733,Lammens,MUN,GK,5.0,3.8,3.2,2.4,0.75,39.6,6,0.0,4,2,a,29.1
668,Xhaka,SUN,MID,5.1,1.0,4.0,3.4,0.8158730158730159,102.4,5,0.13,3,3,a,29.0
267,Sarr,CRY,MID,6.4,3.8,4.3,3.6,0.5777777777777777,80.8,6,0.45,3,3,a,28.7
676,Ugochukwu,BUR,MID,5.0,2.4,2.9,0.1,0.7186507936507937,67.2,5,0.12,3,3,a,28.7
714,Woltemade,NEW,FWD,6.8,1.0,3.4,7.6,0.6071428571428571,90.9,10,0.42,3,3,a,28.6
681,Šeško,MUN,FWD,7.3,4.6,3.6,4.2,0.4488095238095238,103.8,15,0.52,4,2,a,27.9
532,Hume,SUN,DEF,4.5,2.2,2.8,0.3,0.9162698412698412,79.0,4,0.1,3,3,a,27.8
290,Branthwaite,EVE,DEF,5.3,3.4,3.0,0.2,0.1619047619047619,10.7,0,0.07,1,5,a,27.5
713,A.Jimenez,BOU,DEF,4.5,3.0,2.3,0.2,0.7003968253968254,61.2,0,0.1,3,3,a,27.5
469,Pope,NEW,GK,5.1,1.6,3.7,4.6,0.7801587301587302,53.2,3,0.01,3,3,a,27.5
225,James,CHE,DEF,5.6,1.4,4.3,8.0,0.6436507936507937,91.3,9,0.18,4,2,a,27.5
139,Verbruggen,BHA,GK,4.5,3.0,3.2,5.5,0.9642857142857143,68.0,4,0.0,4,2,a,27.0
347,Gudmundsson,LEE,DEF,3.8,0.8,2.2,3.8,0.8809523809523809,84.5,8,0.12,2,4,a,26.8
18,Madueke,ARS,MID,6.8,4.8,2.7,1.2,0.32896825396825397,70.8,6,0.31,3,3,a,26.8
491,Tonali,NEW,MID,5.3,2.4,2.4,1.1,0.7726190476190476,79.1,1,0.16,3,3,a,26.7
311,Beto,EVE,FWD,5.0,3.0,1.9,2.4,0.38293650793650796,56.2,3,0.59,1,5,a,26.6
421,Rodrigo,MCI,MID,6.3,3.8,2.8,0.5,0.4158730158730159,53.1,3,0.14,2,4,a,26.5
169,Gomez,BHA,MID,4.9,2.6,2.9,0.2,0.6297619047619047,91.4,7,0.33,4,2,a,26.5
613,Souček,WHU,MID,5.7,4.6,2.8,0.3,0.5261904761904762,71.3,6,0.32,3,3,a,26.5
679,Hermansen,WHU,GK,4.2,4.4,3.9,0.3,0.2857142857142857,15.6,6,0.0,3,3,a,26.4
544,Diarra,SUN,MID,5.3,4.8,3.4,0.1,0.33134920634920634,22.6,3,0.17,3,3,a,26.3
725,Hincapie,ARS,DEF,5.1,4.3,3.4,0.7,0.5170634920634921,53.9,5,0.11,3,3,a,26.1
651,Edozie,WOL,MID,4.3,1.0,6.0,0.4,0.002380952380952381,5.2,0,2.55,3,3,a,26.0
106,Collins,BRE,DEF,4.9,0.4,3.7,2.8,0.8218253968253968,101.3,7,0.12,3,3,a,25.9
470,Dúbravka,BUR,GK,4.0,1.0,2.8,32.4,1.0,77.1,7,0.0,3,3,a,25.9
314,Leno,FUL,GK,4.9,0.8,2.7,1.5,0.9642857142857143,57.8,3,0.0,2,4,a,25.8
266,Eze,ARS,MID,7.2,3.0,3.7,7.9,0.4857142857142857,89.1,8,0.41,3,3,a,25.8
365,Nmecha,LEE,FWD,5.0,2.6,2.8,0.6,0.28174603174603174,62.9,8,0.88,2,4,a,25.7
712,Yeremy,CRY,MID,5.8,1.2,2.6,0.2,0.675,115.6,3,0.46,3,3,a,25.6
215,Flemming,BUR,FWD,5.3,4.0,3.1,0.3,0.39880952380952384,62.6,6,0.41,3,3,a,25.5
148,F.Kadıoğlu,BHA,DEF,4.4,2.8,2.8,0.3,0.8492063492063492,84.8,4,0.15,4,2,a,25.5
121,Damsgaard,BRE,MID,5.6,3.6,3.3,0.5,0.5575396825396826,99.3,3,0.35,3,3,a,25.4
328,Sessegnon,FUL,MID,5.4,2.4,3.6,0.2,0.598015873015873,65.7,5,0.16,2,4,a,25.4
146,Dunk,BHA,DEF,4.5,3.2,2.7,1.0,0.9107142857142857,75.2,0,0.07,4,2,a,25.2
476,Burn,NEW,DEF,5.0,1.0,3.6,3.3,0.6420634920634921,49.7,5,0.03,3,3,a,25.1
612,L.Paquetá,WHU,MID,5.9,0.0,3.8,1.1,0.6003968253968254,95.7,8,0.29,3,3,u,25.1
565,Vicario,TOT,GK,4.7,1.2,3.1,5.8,0.9642857142857143,62.2,6,0.0,3,3,a,24.9
228,Gusto,CHE,DEF,4.9,1.8,3.5,2.0,0.6170634920634921,75.6,7,0.16,4,2,a,24.6
356,Gruev,LEE,MID,4.7,3.4,2.6,0.1,0.47023809523809523,39.2,3,0.09,2,4,a,24.4
643,André,WOL,MID,5.2,2.2,2.4,0.1,0.7738095238095238,50.3,1,0.04,3,3,a,24.4
452,Amad,MUN,MID,6.2,1.4,3.2,1.7,0.6773809523809524,124.2,6,0.39,4,2,a,24.4
697,Adli,BOU,MID,5.4,4.2,2.5,0.7,0.3599206349206349,67.5,4,0.4,3,3,a,24.4
485,Gordon,NEW,MID,7.2,3.0,3.2,2.8,0.5817460317460318,98.9,4,0.56,3,3,a,24.2
191,Estève,BUR,DEF,3.9,1.8,2.4,7.9,0.8527777777777777,67.6,0,0.05,3,3,a,23.9
220,Sánchez,CHE,GK,4.9,1.4,3.7,14.1,0.8944444444444445,65.7,7,0.0,4,2,a,23.8
443,Shaw,MUN,DEF,4.5,3.0,2.5,0.8,0.9341269841269841,70.6,0,0.08,4,2,a,23.6
100,Kroupi.Jr,BOU,FWD,4.7,2.8,3.1,7.3,0.4111111111111111,83.7,7,0.46,3,3,a,23.5
552,Sadiki,SUN,MID,4.9,2.0,2.4,0.1,0.8031746031746032,49.2,0,0.06,3,3,a,23.4
568,Pedro Porro,TOT,DEF,5.1,0.0,3.4,9.3,0.7222222222222222,102.3,4,0.16,3,3,a,23.3
40,Mings,AVL,DEF,4.3,3.2,3.7,0.7,0.3103174603174603,30.7,4,0.11,3,3,a,23.0
125,Janelt,BRE,MID,4.9,3.0,3.2,0.3,0.49722222222222223,72.5,6,0.2,3,3,a,22.9
124,Henderson,BRE,MID,5.0,1.2,2.5,0.3,0.6238095238095238,63.3,5,0.14,3,3,a,22.6
791,Taty,WHU,FWD,5.5,3.6,3.1,0.1,0.25992063492063494,31.9,0,0.4,3,3,a,22.5
727,Chukwueze,FUL,MID,5.3,1.2,3.6,0.1,0.251984126984127,62.9,1,0.58,2,4,a,22.2
427,Reijnders,MCI,MID,5.0,0.6,3.4,9.9,0.5785714285714286,101.9,6,0.36,2,4,a,22.1
160,Minteh,BHA,MID,5.5,0.6,3.5,1.9,0.6484126984126984,121.7,6,0.31,4,2,a,22.1
207,Hannibal,BUR,MID,4.7,4.2,2.2,0.1,0.31865079365079363,38.7,2,0.2,3,3,a,22.1
508,N.Williams,NFO,DEF,4.7,2.0,3.2,2.9,0.9103174603174603,121.5,9,0.17,5,1,a,21.8
706,Justin,LEE,DEF,3.9,2.2,2.5,1.0,0.3964285714285714,44.6,6,0.15,2,4,a,21.7
593,P.M.Sarr,TOT,MID,4.5,3.0,3.2,1.1,0.403968253968254,49.6,2,0.18,3,3,a,21.6
413,Marmoush,MCI,MID,8.3,2.2,2.3,2.5,0.2011904761904762,42.4,4,0.49,2,4,a,21.5
596,Solanke,TOT,FWD,7.2,3.4,2.8,1.2,0.17261904761904762,29.4,3,0.29,3,3,a,21.5
129,Yarmoliuk,BRE,MID,5.0,1.0,2.7,0.1,0.7884920634920635,63.7,0,0.1,3,3,a,21.3
7,Calafiori,ARS,DEF,5.6,1.5,4.3,6.2,0.5345238095238095,56.8,4,0.22,3,3,a,21.2
442,Maguire,MUN,DEF,4.3,3.4,4.2,1.8,0.3404761904761905,31.1,3,0.09,4,2,a,21.2
783,Groß,BHA,MID,5.5,3.8,3.2,0.1,0.2563492063492063,48.9,4,0.3,4,2,a,20.8
717,Xavi,TOT,MID,6.5,2.2,2.9,1.2,0.5793650793650794,90.2,5,0.33,3,3,a,20.7
553,Talbi,SUN,MID,4.9,2.6,3.1,0.2,0.45476190476190476,50.1,5,0.16,3,3,a,20.7
473,Hall,NEW,DEF,5.3,2.4,3.0,2.5,0.5869047619047619,76.6,4,0.15,3,3,a,20.7
396,Nyoni,LIV,MID,4.3,0.2,1.0,0.3,0.002380952380952381,1.3,0,5.55,2,4,a,20.6
126,Jensen,BRE,MID,4.9,3.2,2.3,0.1,0.5456349206349206,72.0,0,0.37,3,3,a,20.6
722,Florentino,BUR,MID,5.0,0.8,2.8,0.0,0.6329365079365079,53.7,0,0.05,3,3,a,20.3
305,Armstrong,EVE,MID,4.5,1.6,1.8,0.1,0.19484126984126984,20.0,0,0.18,1,5,a,20.2
591,Gray,TOT,MID,4.8,3.0,2.5,0.1,0.4035714285714286,37.7,6,0.15,3,3,a,20.1
296,Patterson,EVE,DEF,4.4,0.2,3.5,0.0,0.09404761904761905,8.6,0,0.03,1,5,a,20.0
300,McNeil,EVE,MID,5.5,1.0,2.3,0.1,0.2757936507936508,24.9,0,0.17,1,5,a,19.9
59,Onana,AVL,MID,4.8,2.2,3.3,0.7,0.5111111111111111,52.7,3,0.09,3,3,a,19.8
487,Barnes,NEW,MID,6.1,1.4,2.9,1.2,0.5706349206349206,105.9,8,0.48,3,3,a,19.8
304,Iroegbunam,EVE,MID,4.8,0.6,2.6,0.0,0.4015873015873016,29.6,1,0.08,1,5,a,19.7
815,Disasi,WHU,DEF,4.5,3.0,3.0,0.1,0.14285714285714285,10.4,0,0.17,3,3,a,19.6
505,Milenković,NFO,DEF,5.1,2.8,3.0,3.2,0.9642857142857143,63.0,1,0.05,5,1,a,19.6
107,Lewis-Potter,BRE,DEF,4.8,2.2,3.0,1.7,0.45595238095238094,59.4,3,0.24,3,3,a,19.6
325,Smith Rowe,FUL,MID,5.6,1.4,2.3,0.5,0.5333333333333333,74.0,1,0.3,2,4,a,19.4
475,Botman,NEW,DEF,4.9,1.8,3.5,0.4,0.42063492063492064,50.8,4,0.13,3,3,a,19.4
695,Tchatchoua,WOL,DEF,4.4,1.5,1.7,0.0,0.6011904761904762,55.9,0,0.09,3,3,a,19.3
372,Robertson,LIV,DEF,5.7,1.8,2.1,1.0,0.251984126984127,41.9,4,0.16,2,4,a,19.2
749,Mané,WOL,FWD,4.6,2.0,2.8,2.5,0.4626984126984127,63.2,6,0.22,3,3,a,19.1
17,Ødegaard,ARS,MID,7.8,1.5,3.1,1.6,0.4246031746031746,83.7,5,0.32,3,3,a,19.1
341,Darlow,LEE,GK,3.9,2.0,2.3,2.4,0.4226190476190476,24.8,0,0.0,2,4,a,18.9
370,Frimpong,LIV,DEF,5.7,0.8,3.2,4.6,0.21865079365079365,32.8,0,0.25,2,4,a,18.7
720,Tolu,WOL,FWD,5.4,2.5,2.0,0.2,0.47023809523809523,73.8,4,0.34,3,3,a,18.6
50,Buendía,AVL,MID,5.3,1.2,3.0,0.5,0.513095238095238,90.5,8,0.29,3,3,a,18.6
796,Gallagher,TOT,MID,5.4,2.6,2.8,0.1,0.1876984126984127,26.7,0,0.2,3,3,a,18.6
344,Bijol,LEE,DEF,3.9,0.6,3.3,0.4,0.44325396825396823,45.4,2,0.08,2,4,a,18.6
817,Armstrong,WOL,FWD,5.4,2.8,2.8,0.1,0.16746031746031745,12.7,0,0.16,3,3,a,18.6
600,Areola,WHU,GK,4.3,0.4,2.5,2.1,0.7142857142857143,57.9,2,0.0,3,3,a,18.4
206,Edwards,BUR,MID,4.7,2.2,2.5,0.1,0.34404761904761905,59.5,2,0.32,3,3,a,18.3
597,Richarlison,TOT,FWD,6.3,0.2,3.5,5.4,0.515079365079365,105.9,9,0.44,3,3,a,18.3
489,J.Murphy,NEW,MID,5.9,1.8,2.6,0.6,0.44761904761904764,79.3,2,0.42,3,3,a,18.2
493,Longstaff,LEE,MID,4.8,0.6,2.6,0.2,0.3742063492063492,66.8,4,0.22,2,4,a,18.1
406,Khusanov,MCI,DEF,5.4,1.6,2.5,0.4,0.3111111111111111,19.1,0,0.04,2,4,a,18.1
808,Abraham,AVL,FWD,6.0,2.4,2.4,0.4,0.05714285714285714,16.5,2,0.68,3,3,a,18.0
39,Maatsen,AVL,DEF,4.2,2.8,1.8,0.6,0.4575396825396825,71.3,0,0.22,3,3,a,18.0
516,Hudson-Odoi,NFO,MID,5.7,1.8,2.7,0.7,0.6087301587301587,106.2,6,0.27,5,1,a,18.0
187,Walker,BUR,DEF,4.4,0.6,2.0,1.1,0.9051587301587302,55.5,3,0.04,3,3,a,17.6
388,C.Jones,LIV,MID,5.4,1.2,1.9,0.1,0.4718253968253968,68.1,1,0.27,2,4,a,17.6
37,Digne,AVL,DEF,4.5,1.2,3.1,1.5,0.5468253968253968,69.5,4,0.19,3,3,a,17.5
321,J.Cuenca,FUL,DEF,4.3,0.8,2.9,0.1,0.36904761904761907,29.8,1,0.05,2,4,a,17.4
193,Humphreys,BUR,DEF,3.9,2.0,2.8,0.1,0.38452380952380955,32.6,1,0.07,3,3,a,17.0
573,Spence,TOT,DEF,4.2,0.0,2.5,1.0,0.669047619047619,57.5,1,0.13,3,3,a,16.9
109,Henry,BRE,DEF,4.3,2.8,2.1,0.2,0.5166666666666667,19.8,0,0.05,3,3,a,16.9
85,Adams,BOU,MID,4.9,1.2,3.3,0.3,0.5246031746031746,46.7,3,0.06,3,3,a,16.8
367,Mamardashvili,LIV,GK,4.1,0.0,3.8,0.5,0.17857142857142858,13.9,0,0.0,2,4,a,16.8
316,Robinson,FUL,DEF,4.9,0.2,2.8,0.7,0.31785714285714284,43.4,4,0.14,2,4,a,16.7
671,Wilson,WHU,FWD,5.8,0.8,2.7,0.6,0.37023809523809526,69.7,7,0.6,3,3,a,16.6
19,Martinelli,ARS,MID,6.8,2.0,1.9,0.9,0.2845238095238095,58.7,1,0.54,3,3,a,16.5
677,Guessand,CRY,MID,6.2,2.2,2.2,0.1,0.2746031746031746,38.1,0,0.29,3,3,a,16.5
182,Trafford,MCI,GK,4.5,0.0,3.7,0.9,0.10714285714285714,10.1,0,0.0,2,4,a,16.5
332,Lukić,FUL,MID,4.9,0.0,2.6,0.1,0.4793650793650794,68.9,3,0.23,2,4,a,16.4
490,Joelinton,NEW,MID,5.9,1.0,2.9,0.3,0.5888888888888889,75.2,2,0.18,3,3,a,16.2
243,George,EVE,MID,4.8,0.8,1.1,0.1,0.09563492063492063,10.5,0,0.22,1,5,a,16.1
336,Reed,FUL,MID,4.3,0.2,2.4,0.4,0.009126984126984128,5.2,2,1.1,2,4,a,16.0
726,Kolo Muani,TOT,FWD,6.9,2.2,1.8,0.4,0.430952380952381,47.9,1,0.22,3,3,a,15.9
157,Mitoma,BHA,MID,6.1,2.0,2.8,2.0,0.5051587301587301,80.2,2,0.32,4,2,a,15.7
635,R.Gomes,WOL,DEF,4.4,2.0,2.1,0.1,0.22857142857142856,35.3,0,0.27,3,3,a,15.6
723,Canvot,CRY,DEF,4.5,1.0,3.2,0.0,0.17539682539682538,14.5,4,0.15,3,3,a,15.4
423,N.Gonzalez,MCI,MID,5.9,0.0,2.6,0.1,0.5436507936507936,52.8,1,0.11,2,4,a,15.3
338,Muniz,FUL,FWD,5.3,0.6,2.0,0.7,0.16587301587301587,25.4,3,0.24,2,4,a,15.3
728,Röhl,EVE,MID,5.0,0.0,1.6,0.0,0.14007936507936508,15.9,0,0.17,1,5,a,15.2
478,Trippier,NEW,DEF,4.9,1.0,2.6,1.4,0.5166666666666667,61.9,2,0.13,3,3,a,15.1
385,Chiesa,LIV,MID,6.3,0.8,1.6,0.3,0.1,27.7,0,0.6,2,4,a,15.1
665,Perri,LEE,GK,4.5,0.0,2.7,0.2,0.5714285714285714,32.2,3,0.0,2,4,a,15.1
560,Isidor,SUN,FWD,5.1,1.0,2.2,1.4,0.40555555555555556,56.8,7,0.33,3,3,a,15.1
145,De Cuyper,BHA,DEF,4.3,1.8,2.7,1.8,0.44841269841269843,66.6,6,0.29,4,2,a,15.1
707,Dibling,EVE,MID,5.3,0.2,1.3,0.0,0.1380952380952381,13.6,0,0.09,1,5,a,14.8
271,Kamada,CRY,MID,5.0,0.8,2.9,0.1,0.5138888888888888,50.6,0,0.24,3,3,a,14.7
584,Tel,TOT,MID,6.2,0.8,2.5,0.1,0.2496031746031746,49.9,5,0.35,3,3,a,14.7
376,Gomez,LIV,DEF,4.9,0.6,2.0,0.1,0.15198412698412697,16.3,2,0.19,2,4,a,14.7
424,Bobb,FUL,MID,5.1,0.6,1.8,0.2,0.2119047619047619,34.8,0,0.28,2,4,a,14.6
699,Douglas Luiz,AVL,MID,4.9,2.0,1.6,0.1,0.28095238095238095,45.0,0,0.22,3,3,a,14.6
456,Sancho,AVL,MID,5.8,2.0,1.5,0.2,0.2615079365079365,48.6,0,0.28,3,3,a,14.5
262,Chadi Riad,CRY,DEF,4.0,1.4,2.8,0.0,0.07539682539682539,7.1,0,0.06,3,3,a,14.5
86,Brooks,BOU,MID,5.0,0.6,2.0,0.2,0.4023809523809524,88.4,4,0.65,3,3,a,14.5
686,Ngumoha,LIV,MID,4.3,0.4,1.5,0.8,0.040873015873015874,17.7,0,1.09,2,4,a,14.4
458,Mainoo,MUN,MID,4.6,3.0,1.9,1.4,0.3047619047619048,43.0,0,0.09,4,2,a,14.3
41,Pau,AVL,DEF,4.3,0.6,3.1,0.3,0.5142857142857142,34.6,2,0.06,3,3,a,14.2
561,Mayenda,SUN,FWD,5.2,1.4,2.1,0.5,0.2706349206349206,27.4,2,0.31,3,3,a,14.2
319,Castagne,FUL,DEF,4.3,0.8,1.4,0.1,0.44365079365079363,44.4,0,0.12,2,4,a,14.1
506,Murillo,NFO,DEF,5.2,0.8,3.5,1.9,0.6503968253968254,62.0,3,0.05,5,1,a,14.0
614,Ward-Prowse,BUR,MID,5.6,1.4,2.2,0.2,0.20952380952380953,29.6,0,0.21,3,3,a,14.0
358,Tanaka,LEE,MID,4.8,0.0,2.1,0.2,0.2924603174603175,34.5,2,0.17,2,4,a,13.8
415,Savinho,MCI,MID,6.9,0.2,1.7,0.4,0.21349206349206348,43.1,0,0.41,2,4,a,13.8
217,Foster,BUR,FWD,4.9,0.8,2.3,0.8,0.4222222222222222,44.2,4,0.21,3,3,a,13.7
44,Bogarde,AVL,DEF,4.0,2.0,1.5,0.6,0.2626984126984127,14.7,4,0.02,3,3,a,13.7
335,King,FUL,MID,4.4,0.2,1.8,1.8,0.3603174603174603,40.0,0,0.18,2,4,a,13.6
93,H.Traorè,BOU,MID,4.5,0.0,4.0,0.3,0.006349206349206349,3.1,0,0.0,3,3,u,13.5
486,Elanga,NEW,MID,6.5,1.6,1.5,2.6,0.4158730158730159,47.9,0,0.23,3,3,a,13.5
405,Aké,MCI,DEF,5.2,0.2,2.0,0.6,0.19246031746031747,21.8,1,0.13,2,4,a,13.5
410,Lewis,MCI,DEF,4.6,0.0,1.9,1.2,0.12341269841269842,20.7,2,0.41,2,4,a,13.4
73,Smith,BOU,DEF,4.4,1.8,1.9,0.2,0.28849206349206347,13.3,0,0.01,3,3,a,13.4
724,Geertruida,SUN,DEF,4.5,1.6,1.8,0.0,0.46706349206349207,33.1,0,0.08,3,3,a,13.4
164,O'Riley,BHA,MID,5.5,0.2,4.3,0.3,0.07341269841269842,19.2,2,0.68,4,2,a,13.3
580,Johnson,CRY,MID,6.5,1.0,1.9,2.4,0.4226190476190476,53.4,2,0.22,3,3,a,13.3
605,Kilman,WHU,DEF,4.2,0.0,1.7,0.1,0.6186507936507937,50.9,0,0.04,3,3,a,13.2
53,Malen,AVL,MID,5.1,0.0,2.6,0.4,0.25396825396825395,56.3,3,0.62,3,3,u,13.2
637,Toti,WOL,DEF,4.2,1.3,2.0,0.1,0.4123015873015873,35.3,0,0.05,3,3,a,13.1
199,Worrall,BUR,DEF,3.8,1.8,1.8,0.2,0.16825396825396827,9.7,0,0.03,3,3,a,13.1
192,Hartman,BUR,DEF,4.0,0.0,3.1,0.6,0.5305555555555556,59.2,0,0.11,3,3,a,13.1
331,Cairney,FUL,MID,4.8,0.4,1.5,0.0,0.18055555555555555,21.4,1,0.23,2,4,a,13.0
294,Coleman,EVE,DEF,4.2,0.0,1.0,0.1,0.004365079365079365,0.0,0,0.0,1,5,a,13.0
718,S.Magassa,WHU,MID,5.0,1.0,2.2,0.0,0.35753968253968255,28.7,2,0.07,3,3,a,12.9
609,Todibo,WHU,DEF,4.3,0.0,1.7,0.1,0.6035714285714285,42.0,0,0.03,3,3,a,12.8
693,Hutchinson,NFO,MID,5.4,2.0,2.8,0.1,0.4357142857142857,89.5,3,0.38,5,1,a,12.6
209,Laurent,BUR,MID,4.8,1.0,1.9,0.0,0.5480158730158731,45.8,1,0.07,3,3,a,12.5
345,Bornauw,LEE,DEF,3.8,0.2,1.9,0.1,0.12063492063492064,9.4,0,0.0,2,4,a,12.5
644,Bellegarde,WOL,MID,5.1,1.3,1.6,0.0,0.3873015873015873,42.4,0,0.15,3,3,a,12.5
173,Wieffer,BHA,MID,4.9,0.4,3.5,0.1,0.4932539682539683,67.4,3,0.2,4,2,a,12.5
521,Sangaré,NFO,MID,4.9,2.0,3.4,0.1,0.5571428571428572,54.6,2,0.16,5,1,a,12.5
648,Munetsi,WOL,MID,5.3,0.0,2.9,0.0,0.346031746031746,42.1,1,0.21,3,3,u,12.4
507,Aina,NFO,DEF,4.7,2.2,3.3,2.3,0.38412698412698415,33.4,3,0.09,5,1,a,12.3
353,James,LEE,MID,5.2,0.4,1.2,0.1,0.14603174603174604,22.9,0,0.31,2,4,a,12.3
190,Ekdal,BUR,DEF,3.9,0.0,2.9,0.8,0.46785714285714286,39.5,2,0.04,3,3,a,12.2
351,Gnonto,LEE,MID,5.2,0.2,1.5,0.1,0.1373015873015873,17.7,0,0.21,2,4,a,12.2
816,Angel,WOL,MID,4.9,1.6,1.6,0.0,0.07063492063492063,8.4,0,0.07,3,3,a,12.1
813,Angulo,SUN,MID,5.0,1.5,1.5,0.0,0.06626984126984127,10.1,0,0.3,3,3,a,12.1
31,G.Jesus,ARS,FWD,6.4,1.0,1.5,0.5,0.12063492063492064,33.0,0,0.58,3,3,a,12.0
163,Hinshelwood,BHA,MID,5.1,1.4,2.7,0.0,0.3345238095238095,34.7,2,0.15,4,2,a,12.0
735,Traoré,SUN,MID,5.5,0.2,2.6,0.0,0.2492063492063492,35.9,1,0.11,3,3,a,11.9
685,Diakité,BOU,DEF,4.2,0.2,2.6,0.3,0.5059523809523809,34.4,2,0.01,3,3,a,11.8
202,Bruun Larsen,BUR,MID,5.3,1.0,1.6,0.0,0.3813492063492063,43.1,0,0.23,3,3,a,11.8
158,Georginio,BHA,MID,5.6,0.6,2.8,0.3,0.596031746031746,86.0,2,0.24,4,2,a,11.8
270,Hughes,CRY,MID,4.7,1.0,1.5,0.1,0.47619047619047616,52.3,0,0.2,3,3,a,11.8
400,Ortega Moreno,NFO,GK,4.7,2.2,3.7,0.2,0.10714285714285714,6.9,0,0.0,5,1,a,11.8
587,Bissouma,TOT,MID,5.2,1.2,1.8,0.0,0.13253968253968254,10.2,0,0.1,3,3,a,11.7
409,Stones,MCI,DEF,5.4,0.0,1.7,0.6,0.1392857142857143,9.8,0,0.02,2,4,a,11.5
87,Christie,BOU,MID,4.9,1.0,1.4,0.1,0.2007936507936508,37.5,0,0.33,3,3,a,11.4
98,Enes Ünal,BOU,FWD,5.4,1.0,1.3,0.0,0.06349206349206349,10.5,1,0.79,3,3,a,11.4
663,J.Arias,WOL,MID,4.9,0.2,2.0,0.1,0.44325396825396823,52.1,2,0.32,3,3,u,11.4
210,Tchaouna,BUR,MID,4.9,0.8,1.8,0.0,0.32142857142857145,28.8,0,0.17,3,3,a,11.3
362,Piroe,LEE,FWD,4.9,0.2,1.1,0.3,0.08174603174603175,11.5,0,0.31,2,4,a,11.2
135,Wissa,NEW,FWD,7.3,0.8,1.6,0.6,0.16706349206349205,21.4,0,0.52,3,3,a,11.2
55,Barkley,AVL,MID,4.8,0.8,1.7,0.0,0.08571428571428572,21.0,0,0.39,3,3,a,11.2
250,Delap,CHE,FWD,6.2,1.6,1.9,0.9,0.2849206349206349,38.9,1,0.48,4,2,a,11.2
739,Mukasa,MCI,MID,4.4,0.0,1.0,0.0,0.00992063492063492,3.7,0,0.76,2,4,u,11.0
543,Adingra,SUN,MID,4.9,0.0,2.4,0.4,0.2575396825396825,27.0,3,0.14,3,3,u,11.0
662,Mosquera,ARS,DEF,5.3,0.8,1.8,0.1,0.21904761904761905,17.3,1,0.08,3,3,a,10.9
500,Osula,NEW,FWD,5.4,1.0,1.5,0.2,0.10396825396825397,12.6,0,0.23,3,3,a,10.7
453,Garnacho,CHE,MID,6.4,0.4,2.6,0.5,0.3527777777777778,65.2,2,0.51,4,2,a,10.7
721,Milosavljević,BOU,DEF,4.4,0.0,2.7,0.0,0.14563492063492064,12.2,0,0.09,3,3,a,10.7
143,Boscagli,BHA,DEF,4.2,1.0,2.9,0.1,0.1384920634920635,15.3,2,0.07,4,2,a,10.7
630,King,EVE,GK,3.9,0.0,0.0,1.3,0.0,0.0,0,0.0,1,5,a,10.6
307,Ebere,EVE,MID,4.4,0.0,0.0,0.0,0.0,0.0,0,0.0,1,5,a,10.5
298,Welch,EVE,DEF,3.8,0.0,0.0,0.1,0.0,0.0,0,0.0,1,5,a,10.5
308,Heath,EVE,MID,4.5,0.0,0.0,0.0,0.0,0.0,0,0.0,1,5,u,10.5
705,Campbell,EVE,DEF,3.9,0.0,0.0,0.2,0.0,0.0,0,0.0,1,5,u,10.5
704,Onyango,EVE,MID,4.5,0.0,0.0,0.0,0.0,0.0,0,0.0,1,5,u,10.5
289,Tyrer,EVE,GK,3.9,0.0,0.0,0.1,0.0,0.0,0,0.0,1,5,u,10.5
313,Sherif,EVE,FWD,4.4,0.0,0.0,0.1,0.0,0.0,0,0.0,1,5,u,10.5
306,Bates,EVE,MID,4.3,0.0,0.0,0.1,0.0,0.0,0,0.0,1,5,a,10.5
309,Metcalfe,EVE,MID,4.5,0.0,0.0,0.0,0.0,0.0,0,0.0,1,5,u,10.5
297,Dixon,EVE,DEF,3.8,0.0,0.0,0.2,0.0,0.0,0,0.0,1,5,u,10.5
312,Y.Chermiti,EVE,FWD,4.9,0.0,0.0,0.1,0.0,0.0,0,0.0,1,5,u,10.5
667,Aznou,EVE,DEF,4.2,0.0,0.0,0.1,0.0,0.0,0,0.0,1,5,a,10.5
779,Graham,EVE,FWD,4.5,0.0,0.0,0.0,0.0,0.0,0,0.0,1,5,a,10.5
659,Walker-Peters,WHU,DEF,4.2,0.4,1.8,0.2,0.37857142857142856,39.0,0,0.13,3,3,a,10.4
352,Harrison,LEE,MID,5.1,0.0,1.1,0.0,0.10396825396825397,11.5,0,0.18,2,4,u,10.4
572,Dragusin,TOT,DEF,4.5,1.2,1.3,0.0,0.13253968253968254,10.0,0,0.05,3,3,a,10.3
631,Agbadou,WOL,DEF,4.2,0.5,1.6,0.1,0.4365079365079365,46.4,0,0.08,3,3,u,10.3
320,Diop,FUL,DEF,4.3,0.0,1.2,0.1,0.1634920634920635,8.5,0,0.01,2,4,a,10.2
494,Willock,NEW,MID,5.0,1.0,1.2,0.1,0.21706349206349207,22.3,0,0.19,3,3,a,10.2
444,Yoro,MUN,DEF,4.1,1.6,1.8,1.2,0.49444444444444446,36.4,1,0.07,4,2,a,10.2
511,Morato,NFO,DEF,4.3,2.4,2.4,0.1,0.37182539682539684,30.5,1,0.09,5,1,a,10.1
233,Acheampong,CHE,DEF,3.7,0.4,2.8,1.6,0.225,23.1,5,0.12,4,2,a,9.8
168,Buonanotte,LEE,MID,4.6,0.2,0.7,0.1,0.02738095238095238,5.0,0,0.18,2,4,a,9.8
608,Scarles,WHU,DEF,4.3,0.4,1.8,0.0,0.25952380952380955,23.2,0,0.06,3,3,a,9.8
49,Bailey,AVL,MID,5.5,1.0,1.0,0.1,0.0873015873015873,16.9,0,0.36,3,3,a,9.8
195,Lucas Pires,BUR,DEF,3.8,0.6,1.3,0.3,0.3952380952380952,39.1,0,0.14,3,3,a,9.7
263,Clyne,CRY,DEF,3.8,0.0,2.0,0.6,0.16587301587301587,15.1,2,0.21,3,3,a,9.6
181,Kostoulas,BHA,FWD,4.8,0.8,1.9,0.4,0.11587301587301588,40.1,3,0.59,4,2,a,9.6
346,Byram,LEE,DEF,3.8,0.0,1.0,0.2,0.002777777777777778,0.0,0,0.0,2,4,a,9.5
570,Danso,TOT,DEF,4.2,0.0,2.1,0.1,0.2611111111111111,21.2,1,0.02,3,3,a,9.5
466,Zirkzee,MUN,FWD,5.8,0.4,2.2,0.4,0.19523809523809524,44.1,6,0.39,4,2,a,9.5
682,Møller Wolfe,WOL,DEF,4.2,0.5,1.4,0.1,0.30198412698412697,28.9,0,0.14,3,3,a,9.4
737,Kusi-Asare,FUL,FWD,4.5,0.0,0.8,0.1,0.011904761904761904,2.1,0,0.21,2,4,a,9.4
276,Devenny,CRY,MID,4.3,0.0,1.6,1.3,0.23531746031746031,34.5,0,0.41,3,3,a,9.3
128,Onyeka,BRE,MID,4.8,0.0,2.0,0.0,0.03492063492063492,4.6,0,0.37,3,3,u,9.3
33,M.Bizot,AVL,GK,4.2,0.0,2.2,0.4,0.16071428571428573,9.3,0,0.0,3,3,a,9.2
197,Sonne,BUR,DEF,3.8,0.0,1.9,0.2,0.06507936507936508,9.2,0,0.34,3,3,u,9.1
526,Igor Jesus,NFO,FWD,5.8,1.2,2.3,1.2,0.596031746031746,72.3,6,0.3,5,1,a,9.1
719,Lindelöf,AVL,DEF,4.5,0.2,1.8,0.1,0.22698412698412698,16.0,0,0.01,3,3,a,9.0
627,Johnstone,WOL,GK,4.4,0.0,1.8,0.1,0.42857142857142855,30.8,0,0.0,3,3,a,8.8
170,Milner,BHA,MID,4.9,1.2,1.7,0.1,0.18412698412698414,27.5,0,0.3,4,2,a,8.8
326,Adama,WHU,MID,5.1,0.6,1.1,0.2,0.11349206349206349,14.3,0,0.28,3,3,a,8.8
805,Lucca,NFO,FWD,5.5,1.6,2.7,0.0,0.04722222222222222,7.9,0,0.55,5,1,a,8.7
167,Baleba,BHA,MID,4.5,1.4,1.7,1.5,0.46825396825396826,20.6,0,0.05,4,2,a,8.7
625,Füllkrug,WHU,FWD,5.6,0.0,1.5,0.6,0.16150793650793652,23.8,0,0.26,3,3,u,8.4
27,Nelson,BRE,MID,4.8,0.0,1.0,0.1,0.01984126984126984,3.4,0,1.23,3,3,a,8.4
218,Barnes,BUR,FWD,4.2,0.4,1.0,1.5,0.006349206349206349,0.8,0,0.62,3,3,a,8.3
732,Uche,CRY,FWD,5.5,0.4,1.2,0.1,0.05952380952380952,8.0,0,0.24,3,3,a,8.2
232,Tosin,CHE,DEF,4.0,0.2,2.6,0.3,0.2853174603174603,27.3,2,0.06,4,2,a,8.2
152,Veltman,BHA,DEF,4.3,0.6,2.1,0.1,0.32063492063492066,34.7,1,0.12,4,2,a,8.2
246,Andrey Santos,CHE,MID,4.5,1.2,1.4,0.3,0.35119047619047616,33.2,0,0.25,4,2,a,8.1
130,Donovan,BRE,MID,4.4,0.6,1.0,0.1,0.01507936507936508,3.5,0,0.23,3,3,a,8.1
674,Ramsdale,NEW,GK,4.8,0.0,1.6,0.7,0.21944444444444444,10.8,0,0.0,3,3,a,7.8
551,Rigg,SUN,MID,4.7,0.0,1.5,0.0,0.1488095238095238,8.9,0,0.16,3,3,a,7.8
747,Mayers,WHU,DEF,4.0,0.2,1.0,0.0,0.04484126984126984,6.4,0,0.5,3,3,a,7.6
645,Fer López,WOL,MID,5.1,0.0,1.3,0.0,0.09047619047619047,12.4,0,0.3,3,3,u,7.6
607,N.Aguerd,WHU,DEF,4.4,0.0,1.5,0.0,0.07142857142857142,5.1,0,0.07,3,3,u,7.5
758,Mohamadou Kanté,WHU,MID,4.5,0.4,1.0,0.0,0.009126984126984128,2.3,0,0.2,3,3,a,7.5
792,Alysson,AVL,MID,5.0,0.4,1.0,0.0,0.007936507936507936,1.1,0,0.18,3,3,a,7.4
801,Tóth.A,BOU,MID,5.0,0.4,0.8,0.0,0.028174603174603175,3.7,0,0.4,3,3,a,7.4
638,Hoever,WOL,DEF,3.8,0.0,1.2,1.0,0.16785714285714284,20.3,0,0.08,3,3,u,7.3
621,Irving,WHU,MID,4.3,0.0,1.3,0.2,0.06190476190476191,8.6,0,0.1,3,3,u,7.2
25,Nwaneri,ARS,MID,5.0,0.0,1.3,0.1,0.06547619047619048,5.4,0,0.17,3,3,u,7.2
378,Nallo,LIV,DEF,3.7,0.0,0.0,1.1,0.0,0.0,0,0.0,2,4,a,7.1
632,Doherty,WOL,DEF,4.4,0.0,1.2,0.1,0.25555555555555554,18.0,0,0.04,3,3,a,7.1
162,Gruda,BHA,MID,5.4,0.0,1.9,0.0,0.28095238095238095,50.0,2,0.35,4,2,u,7.1
412,Vitor Reis,MCI,DEF,5.0,0.0,0.0,0.0,0.0,0.0,0,0.0,2,4,u,7.0
669,Ndoye,NFO,MID,5.5,0.8,2.3,0.7,0.4376984126984127,54.9,4,0.21,5,1,a,7.0
420,Gündoğan,MCI,MID,6.3,0.0,0.0,0.1,0.0,0.0,0,0.0,2,4,u,7.0
428,Nypan,MCI,MID,5.0,0.0,0.0,0.0,0.0,0.0,0,0.0,2,4,a,7.0
425,Echeverri,MCI,MID,5.4,0.0,0.0,0.0,0.0,0.0,0,0.0,2,4,u,7.0
763,Gray,MCI,MID,4.5,0.0,0.0,0.0,0.0,0.0,0,0.0,2,4,a,7.0
764,Heskey,MCI,MID,4.5,0.0,0.0,0.0,0.0,0.0,0,0.0,2,4,a,7.0
742,McAidoo,MCI,MID,4.5,0.0,0.0,0.0,0.0,0.0,0,0.0,2,4,a,7.0
111,Pinnock,BRE,DEF,4.2,0.0,1.3,0.1,0.09047619047619047,7.6,0,0.02,3,3,a,7.0
740,Mfuni,MCI,DEF,3.9,0.0,0.0,0.0,0.0,0.0,0,0.0,2,4,u,7.0
429,Phillips,MCI,MID,4.7,0.0,0.0,0.1,0.0,0.0,0,0.0,2,4,u,7.0
334,Harris,FUL,MID,4.5,0.0,0.0,0.0,0.0,0.0,0,0.0,2,4,u,7.0
315,Benda,FUL,GK,4.0,0.0,0.0,0.0,0.0,0.0,0,0.0,2,4,u,7.0
786,McNally,FUL,GK,4.0,0.0,0.0,0.0,0.0,0.0,0,0.0,2,4,a,7.0
339,Meslier,LEE,GK,4.1,0.0,0.0,0.3,0.0,0.0,0,0.0,2,4,a,7.0
770,Ridgeon,FUL,MID,4.5,0.0,0.0,0.0,0.0,0.0,0,0.0,2,4,a,7.0
340,Cairns,LEE,GK,3.9,0.0,0.0,0.2,0.0,0.0,0,0.0,2,4,a,7.0
664,Lecomte,FUL,GK,3.9,0.0,0.0,0.7,0.0,0.0,0,0.0,2,4,a,7.0
333,Godo,FUL,MID,4.5,0.0,0.0,0.0,0.0,0.0,0,0.0,2,4,u,7.0
323,Amissah,FUL,DEF,3.8,0.0,0.0,0.1,0.0,0.0,0,0.0,2,4,a,7.0
327,Andreas,FUL,MID,5.3,0.0,0.0,0.1,0.0,0.0,0,0.0,2,4,u,7.0
361,Gyabi,LEE,MID,4.5,0.0,0.0,0.0,0.0,0.0,0,0.0,2,4,u,7.0
357,Ramazani,LEE,MID,4.9,0.0,0.0,0.0,0.0,0.0,0,0.0,2,4,u,7.0
355,Greenwood,LEE,MID,4.9,0.0,0.0,0.0,0.0,0.0,0,0.0,2,4,u,7.0
359,Crew,LEE,MID,4.5,0.0,0.0,0.0,0.0,0.0,0,0.0,2,4,u,7.0
369,Woodman,LIV,GK,3.9,0.0,0.0,0.2,0.0,0.0,0,0.0,2,4,a,7.0
368,Pécsi,LIV,GK,3.8,0.0,0.0,0.9,0.0,0.0,0,0.0,2,4,a,7.0
360,Gelhardt,LEE,MID,4.5,0.0,0.0,0.0,0.0,0.0,0,0.0,2,4,u,7.0
349,Schmidt,LEE,DEF,4.0,0.0,0.0,0.1,0.0,0.0,0,0.0,2,4,u,7.0
363,Bamford,LEE,FWD,4.9,0.0,0.0,0.3,0.0,0.0,0,0.0,2,4,u,7.0
787,Chambers,LEE,MID,4.4,0.0,0.0,0.0,0.0,0.0,0,0.0,2,4,a,7.0
741,Gray,LEE,FWD,4.5,0.0,0.0,0.1,0.0,0.0,0,0.0,2,4,u,7.0
364,Mateo Joseph,LEE,FWD,5.0,0.0,0.0,0.0,0.0,0.0,0,0.0,2,4,u,7.0
377,Tsimikas,LIV,DEF,4.8,0.0,0.0,0.0,0.0,0.0,0,0.0,2,4,u,7.0
383,Luis Díaz,LIV,MID,8.0,0.0,0.0,0.0,0.0,0.0,0,0.0,2,4,u,7.0
380,Ramsay,LIV,DEF,3.8,0.0,0.0,0.2,0.0,0.0,0,0.0,2,4,a,7.0
379,R.Williams,LIV,DEF,3.7,0.0,0.0,0.6,0.0,0.0,0,0.0,2,4,a,7.0
399,Ederson M.,MCI,GK,5.3,0.0,0.0,0.8,0.0,0.0,0,0.0,2,4,u,7.0
401,Bettinelli,MCI,GK,3.8,0.0,0.0,0.4,0.0,0.0,0,0.0,2,4,a,7.0
404,Akanji,MCI,DEF,5.4,0.0,0.0,0.3,0.0,0.0,0,0.0,2,4,u,7.0
760,Lucky,LIV,DEF,4.0,0.0,0.0,0.0,0.0,0.0,0,0.0,2,4,a,7.0
746,Morrison,LIV,MID,4.5,0.0,0.0,0.0,0.0,0.0,0,0.0,2,4,a,7.0
397,Darwin,LIV,FWD,6.5,0.0,0.0,0.1,0.0,0.0,0,0.0,2,4,u,7.0
395,Morton,LIV,MID,4.5,0.0,0.0,0.0,0.0,0.0,0,0.0,2,4,u,7.0
394,McConnell,LIV,MID,4.4,0.0,0.0,0.0,0.0,0.0,0,0.0,2,4,u,7.0
447,Heaven,MUN,DEF,3.7,0.2,2.2,2.2,0.25277777777777777,22.9,0,0.07,4,2,a,6.9
618,G.Rodriguez,WHU,MID,4.8,0.0,1.3,0.0,0.06944444444444445,1.7,0,0.04,3,3,u,6.8
640,Pedro Lima,WOL,DEF,4.0,0.3,1.0,0.4,0.0011904761904761906,0.2,0,0.0,3,3,a,6.8
24,Nørgaard,ARS,MID,5.1,0.2,1.0,0.1,0.012698412698412698,2.4,0,0.14,3,3,a,6.8
804,Souza,TOT,DEF,4.0,0.2,1.0,0.0,0.013888888888888888,1.6,0,0.0,3,3,a,6.6
481,A.Murphy,NEW,DEF,3.8,0.2,1.0,0.7,0.0003968253968253968,0.2,0,0.0,3,3,a,6.5
745,Byfield,TOT,DEF,4.0,0.2,1.0,0.0,0.0003968253968253968,0.1,0,0.0,3,3,a,6.5
105,Valdimarsson,BRE,GK,3.9,0.2,1.0,0.6,0.03571428571428571,0.0,0,0.0,3,3,a,6.5
626,Marshall,WHU,FWD,4.3,0.0,1.0,0.5,0.023015873015873017,0.8,0,0.2,3,3,u,6.4
754,George Hemmings,AVL,MID,4.5,0.0,1.0,0.0,0.00992063492063492,0.3,0,0.18,3,3,a,6.3
545,Roberts,SUN,MID,5.4,0.0,1.0,0.0,0.010714285714285714,1.4,0,0.17,3,3,u,6.3
599,Scarlett,TOT,FWD,4.3,0.0,1.0,0.6,0.002777777777777778,0.7,0,0.13,3,3,u,6.3
259,Sosa,CRY,DEF,4.8,0.0,1.0,0.1,0.021031746031746033,2.7,0,0.1,3,3,a,6.2
269,Esse,CRY,MID,4.7,0.0,1.0,0.1,0.015873015873015872,1.5,0,0.09,3,3,u,6.2
619,L.Guilherme,WHU,MID,4.9,0.0,1.0,0.0,0.04801587301587302,2.5,0,0.07,3,3,u,6.2
620,Earthy,WHU,MID,4.5,0.0,1.0,0.0,0.0031746031746031746,0.4,0,0.11,3,3,u,6.2
542,Seelt,SUN,DEF,4.0,0.0,1.0,0.1,0.05277777777777778,3.6,0,0.01,3,3,u,6.1
656,Kalajdžić,WOL,FWD,4.9,0.0,1.0,0.0,0.005555555555555556,0.7,0,0.06,3,3,u,6.1
10,Lewis-Skelly,ARS,DEF,5.1,0.0,0.9,1.4,0.12341269841269842,9.4,0,0.03,3,3,a,6.1
281,Rodney,CRY,MID,4.4,0.0,1.0,0.0,0.0011904761904761906,0.0,0,0.0,3,3,a,6.0
459,Ugarte,MUN,MID,4.7,0.4,1.7,0.1,0.2968253968253968,22.3,0,0.06,4,2,a,6.0
285,Édouard,CRY,FWD,5.0,0.0,1.0,0.2,0.0007936507936507937,0.2,0,0.0,3,3,u,6.0
62,Jimoh-Aloba,AVL,MID,4.5,0.0,1.0,0.1,0.0031746031746031746,0.1,0,0.0,3,3,u,6.0
213,Banel,BUR,MID,4.5,0.0,1.0,0.0,0.0035714285714285713,0.0,0,0.0,3,3,u,6.0
96,Winterburn,BOU,MID,4.5,0.0,1.0,0.0,0.002380952380952381,0.0,0,0.0,3,3,u,6.0
549,Neil,SUN,MID,4.8,0.0,1.0,0.0,0.005158730158730159,0.4,0,0.0,3,3,u,6.0
702,Burrowes,AVL,MID,4.4,0.0,1.0,0.1,0.006349206349206349,0.0,0,0.0,3,3,a,6.0
762,Drakes-Thomas,CRY,MID,4.5,0.0,1.0,0.0,0.002777777777777778,0.3,0,0.0,3,3,a,6.0
650,Chirewa,WOL,MID,4.3,0.0,1.0,0.2,0.00992063492063492,0.4,0,0.0,3,3,u,6.0
133,Peart-Harris,BRE,MID,4.4,0.0,1.0,0.0,0.0003968253968253968,0.0,0,0.0,3,3,u,6.0
438,Mazraoui,MUN,DEF,4.9,0.4,1.5,0.2,0.18253968253968253,19.0,2,0.05,4,2,a,5.8
42,A.García,AVL,DEF,3.9,0.2,0.7,0.2,0.013095238095238096,0.2,0,0.03,3,3,a,5.8
795,Howell,BHA,MID,4.5,0.6,1.5,0.0,0.03134920634920635,1.4,0,0.03,4,2,a,5.4
144,Coppola,BHA,DEF,4.2,0.0,2.0,0.0,0.07658730158730159,4.8,0,0.0,4,2,u,5.1
252,Marc Guiu,CHE,FWD,4.1,0.0,1.3,5.8,0.09801587301587301,12.6,0,0.64,4,2,a,5.1
480,Lascelles,NEW,DEF,4.3,0.0,0.5,0.0,0.00753968253968254,1.7,0,0.19,3,3,u,5.1
519,Dominguez,NFO,MID,5.0,0.6,2.0,0.0,0.3265873015873016,43.2,3,0.16,5,1,a,5.1
539,O'Nien,SUN,DEF,4.0,0.2,0.4,0.1,0.00873015873015873,0.7,0,0.0,3,3,a,5.1
431,Bayindir,MUN,GK,4.7,0.0,1.8,0.3,0.21428571428571427,12.8,0,0.01,4,2,a,4.8
771,Fletcher,MUN,MID,4.4,0.2,1.0,0.0,0.0003968253968253968,0.1,0,0.9,4,2,a,4.7
678,Masuaku,SUN,DEF,3.9,0.0,0.3,0.5,0.0496031746031746,4.9,0,0.11,3,3,u,4.6
510,Jair Cunha,NFO,DEF,4.2,0.0,3.0,0.1,0.03571428571428571,2.6,0,0.0,5,1,a,4.0
814,Netz,NFO,DEF,4.5,0.2,1.0,0.0,0.005555555555555556,0.4,0,2.31,5,1,a,3.9
149,Igor,BHA,DEF,4.5,0.0,1.5,0.1,0.040873015873015874,3.6,0,0.0,4,2,a,3.8
658,Fraser,WOL,FWD,4.2,0.0,0.0,1.9,0.0,0.0,0,0.0,3,3,a,3.6
641,Pond,WOL,DEF,3.9,0.0,0.0,1.0,0.0,0.0,0,0.0,3,3,u,3.6
43,Alex Moreno,AVL,DEF,4.0,0.0,0.0,1.6,0.0,0.0,0,0.0,3,3,u,3.6
567,Kinsky,TOT,GK,3.9,0.0,0.0,1.6,0.0,0.0,0,0.0,3,3,a,3.6
652,Gonzalez,WOL,MID,4.3,0.0,0.0,1.3,0.0,0.0,0,0.0,3,3,a,3.6
211,A.Ramsey,BUR,MID,4.4,0.0,0.0,1.4,0.0,0.0,0,0.0,3,3,u,3.6
282,Umeh,CRY,MID,4.5,0.0,0.0,0.0,0.0,0.0,0,0.0,3,3,u,3.5
277,Ebiowei,CRY,MID,4.5,0.0,0.0,0.0,0.0,0.0,0,0.0,3,3,u,3.5
278,J.Rak-Sakyi,CRY,MID,4.4,0.0,0.0,0.0,0.0,0.0,0,0.0,3,3,u,3.5
279,M.França,CRY,MID,4.5,0.0,0.0,0.0,0.0,0.0,0,0.0,3,3,u,3.5
280,Ozoh,CRY,MID,4.5,0.0,0.0,0.0,0.0,0.0,0,0.0,3,3,u,3.5
780,Casey,CRY,FWD,4.5,0.0,0.0,0.0,0.0,0.0,0,0.0,3,3,a,3.5
773,Benamar,CRY,DEF,4.0,0.0,0.0,0.0,0.0,0.0,0,0.0,3,3,a,3.5
798,Imray,CRY,DEF,4.0,0.0,0.0,0.0,0.0,0.0,0,0.0,3,3,u,3.5
275,Ahamada,CRY,MID,4.3,0.0,0.0,0.0,0.0,0.0,0,0.0,3,3,u,3.5
781,Carroll,AVL,DEF,4.0,0.0,0.0,0.0,0.0,0.0,0,0.0,3,3,a,3.5
183,Weiss,BUR,GK,4.3,0.0,0.0,0.1,0.0,0.0,0,0.0,3,3,a,3.5
184,Green,BUR,GK,4.0,0.0,0.0,0.2,0.0,0.0,0,0.0,3,3,u,3.5
185,Hladký,BUR,GK,3.9,0.0,0.0,0.2,0.0,0.0,0,0.0,3,3,a,3.5
188,Delcroix,BUR,DEF,3.8,0.0,0.0,0.2,0.0,0.0,0,0.0,3,3,u,3.5
286,Marsh,CRY,FWD,4.4,0.0,0.0,0.3,0.0,0.0,0,0.0,3,3,a,3.5
254,Benitez,CRY,GK,4.0,0.0,0.0,0.3,0.0,0.0,0,0.0,3,3,a,3.5
690,Cardines,CRY,MID,4.4,0.0,0.0,0.3,0.0,0.0,0,0.0,3,3,a,3.5
63,Young,AVL,MID,4.3,0.0,0.0,0.6,0.0,0.0,0,0.0,3,3,u,3.5
65,Redmond,AVL,FWD,4.5,0.0,0.0,0.3,0.0,0.0,0,0.0,3,3,u,3.5
60,Broggio,AVL,MID,4.4,0.0,0.0,0.3,0.0,0.0,0,0.0,3,3,u,3.5
61,Dendoncker,AVL,MID,4.5,0.0,0.0,0.1,0.0,0.0,0,0.0,3,3,u,3.5
688,Wright,AVL,GK,3.9,0.0,0.0,0.6,0.0,0.0,0,0.0,3,3,a,3.5
802,Lamadrid,WHU,MID,5.0,0.0,0.0,0.0,0.0,0.0,0,0.0,3,3,a,3.5
752,Golambeckis,WHU,DEF,4.0,0.0,0.0,0.0,0.0,0.0,0,0.0,3,3,a,3.5
701,Rowe,AVL,DEF,4.0,0.0,0.0,0.1,0.0,0.0,0,0.0,3,3,u,3.5
35,Marschall,AVL,GK,4.0,0.0,0.0,0.0,0.0,0.0,0,0.0,3,3,u,3.5
264,Holding,CRY,DEF,4.0,0.0,0.0,0.0,0.0,0.0,0,0.0,3,3,u,3.5
255,Matthews,CRY,GK,3.9,0.0,0.0,0.1,0.0,0.0,0,0.0,3,3,a,3.5
274,Agbinone,CRY,MID,4.3,0.0,0.0,0.1,0.0,0.0,0,0.0,3,3,a,3.5
622,Orford,WHU,MID,4.4,0.0,0.0,0.1,0.0,0.0,0,0.0,3,3,u,3.5
56,Barrenechea,AVL,MID,5.0,0.0,0.0,0.0,0.0,0.0,0,0.0,3,3,u,3.5
57,Dobbin,AVL,MID,5.0,0.0,0.0,0.0,0.0,0.0,0,0.0,3,3,u,3.5
617,Cornet,WHU,MID,4.9,0.0,0.0,0.0,0.0,0.0,0,0.0,3,3,u,3.5
616,Álvarez,WHU,MID,4.9,0.0,0.0,0.0,0.0,0.0,0,0.0,3,3,u,3.5
611,Casey,WHU,DEF,4.0,0.0,0.0,0.1,0.0,0.0,0,0.0,3,3,u,3.5
265,Kporha,CRY,DEF,4.0,0.0,0.0,0.0,0.0,0.0,0,0.0,3,3,a,3.5
793,King,CRY,DEF,4.0,0.0,0.0,0.0,0.0,0.0,0,0.0,3,3,a,3.5
629,Bentley,WOL,GK,3.9,0.0,0.0,0.5,0.0,0.0,0,0.0,3,3,a,3.5
46,Yasin,AVL,DEF,4.0,0.0,0.0,0.1,0.0,0.0,0,0.0,3,3,u,3.5
2,Arrizabalaga,ARS,GK,4.1,0.0,0.0,0.4,0.0,0.0,0,0.0,3,3,a,3.5
45,Sousa,AVL,DEF,3.8,0.0,0.0,0.3,0.0,0.0,0,0.0,3,3,u,3.5
498,White,NEW,MID,4.5,0.0,0.0,0.0,0.0,0.0,0,0.0,3,3,u,3.5
501,Neave,NEW,FWD,4.3,0.0,0.0,0.3,0.0,0.0,0,0.0,3,3,a,3.5
689,Seung soo,NEW,MID,4.3,0.0,0.0,0.5,0.0,0.0,0,0.0,3,3,a,3.5
753,Ruddy,NEW,GK,4.0,0.0,0.0,0.0,0.0,0.0,0,0.0,3,3,a,3.5
765,Shahar,NEW,DEF,4.0,0.0,0.0,0.0,0.0,0.0,0,0.0,3,3,a,3.5
772,Alabi,NEW,MID,4.5,0.0,0.0,0.0,0.0,0.0,0,0.0,3,3,a,3.5
471,Gillespie,NEW,GK,3.9,0.0,0.0,0.1,0.0,0.0,0,0.0,3,3,a,3.5
472,Odysseas,NEW,GK,4.0,0.0,0.0,0.0,0.0,0.0,0,0.0,3,3,u,3.5
483,Pivas,NEW,DEF,3.8,0.0,0.0,0.4,0.0,0.0,0,0.0,3,3,a,3.5
482,Ashby,NEW,DEF,3.9,0.0,0.0,0.1,0.0,0.0,0,0.0,3,3,u,3.5
201,Benson,BUR,MID,5.4,0.0,0.0,0.0,0.0,0.0,0,0.0,3,3,u,3.5
484,Targett,NEW,DEF,4.0,0.0,0.0,0.1,0.0,0.0,0,0.0,3,3,u,3.5
203,Boateng,BUR,MID,4.7,0.0,0.0,0.0,0.0,0.0,0,0.0,3,3,a,3.5
204,Churlinov,BUR,MID,4.9,0.0,0.0,0.0,0.0,0.0,0,0.0,3,3,u,3.5
790,Williams-Barnett,TOT,MID,4.5,0.0,0.0,0.0,0.0,0.0,0,0.0,3,3,a,3.5
208,Koleosho,BUR,MID,5.0,0.0,0.0,0.0,0.0,0.0,0,0.0,3,3,u,3.5
755,Lacey,MUN,MID,4.5,0.0,1.0,0.0,0.004761904761904762,1.5,0,0.52,4,2,a,3.5
710,Patterson,AVL,DEF,3.9,0.0,0.0,0.2,0.0,0.0,0,0.0,3,3,a,3.5
811,Kyerematen,TOT,MID,4.5,0.0,0.0,0.0,0.0,0.0,0,0.0,3,3,a,3.5
818,Wilson,TOT,FWD,4.5,0.0,0.0,0.0,0.0,0.0,0,0.0,3,3,a,3.5
602,Hegyi,WHU,GK,3.9,0.0,0.0,0.2,0.0,0.0,0,0.0,3,3,u,3.5
601,Foderingham,WHU,GK,4.0,0.0,0.0,0.2,0.0,0.0,0,0.0,3,3,u,3.5
604,Emerson,WHU,DEF,4.4,0.0,0.0,0.1,0.0,0.0,0,0.0,3,3,u,3.5
703,Proctor,AVL,GK,3.9,0.0,0.0,0.6,0.0,0.0,0,0.0,3,3,a,3.5
757,Hollingshead,AVL,GK,4.0,0.0,0.0,0.0,0.0,0.0,0,0.0,3,3,a,3.5
768,Leon Routh,AVL,DEF,4.0,0.0,0.0,0.0,0.0,0.0,0,0.0,3,3,a,3.5
189,Dodgson,BUR,DEF,4.0,0.0,0.0,0.0,0.0,0.0,0,0.0,3,3,u,3.5
750,Rowswell,TOT,DEF,4.0,0.0,0.0,0.0,0.0,0.0,0,0.0,3,3,a,3.5
751,Akhamrich,TOT,MID,4.5,0.0,0.0,0.0,0.0,0.0,0,0.0,3,3,u,3.5
784,Brierley,BUR,MID,4.5,0.0,0.0,0.0,0.0,0.0,0,0.0,3,3,a,3.5
776,Pimlott,BUR,MID,4.5,0.0,0.0,0.0,0.0,0.0,0,0.0,3,3,a,3.5
496,Kuol,NEW,MID,4.4,0.0,0.0,0.0,0.0,0.0,0,0.0,3,3,u,3.5
114,Arthur,BRE,DEF,3.8,0.0,0.0,0.2,0.0,0.0,0,0.0,3,3,u,3.5
115,Fredrick,BRE,DEF,4.0,0.0,0.0,0.1,0.0,0.0,0,0.0,3,3,u,3.5
117,Ji-soo,BRE,DEF,3.9,0.0,0.0,0.1,0.0,0.0,0,0.0,3,3,u,3.5
118,Meghoma,BRE,DEF,4.0,0.0,0.0,0.0,0.0,0.0,0,0.0,3,3,u,3.5
131,Konak,BRE,MID,4.3,0.0,0.0,0.2,0.0,0.0,0,0.0,3,3,u,3.5
132,Maghoma,BRE,MID,4.5,0.0,0.0,0.0,0.0,0.0,0,0.0,3,3,u,3.5
112,Roerslev,BRE,DEF,4.5,0.0,0.0,0.0,0.0,0.0,0,0.0,3,3,u,3.5
590,Bryan,TOT,MID,4.9,0.0,0.0,0.0,0.0,0.0,0,0.0,3,3,u,3.5
71,Zabarnyi,BOU,DEF,5.0,0.0,0.0,0.0,0.0,0.0,0,0.0,3,3,u,3.5
70,Paulsen,BOU,GK,4.0,0.0,0.0,0.1,0.0,0.0,0,0.0,3,3,u,3.5
69,McKenna,BOU,GK,3.9,0.0,0.0,0.3,0.0,0.0,0,0.0,3,3,a,3.5
68,Dennis,BOU,GK,4.0,0.0,0.0,0.7,0.0,0.0,0,0.0,3,3,u,3.5
89,Philip,BOU,MID,4.9,0.0,0.0,0.0,0.0,0.0,0,0.0,3,3,u,3.5
79,Mepham,BOU,DEF,4.0,0.0,0.0,0.1,0.0,0.0,0,0.0,3,3,u,3.5
78,J.Araujo,BOU,DEF,3.8,0.0,0.0,0.5,0.0,0.0,0,0.0,3,3,u,3.5
76,Bevan,BOU,DEF,3.8,0.0,0.0,0.2,0.0,0.0,0,0.0,3,3,a,3.5
577,Takai,TOT,DEF,4.0,0.0,0.0,0.0,0.0,0.0,0,0.0,3,3,u,3.5
578,Vuskovic,TOT,DEF,3.9,0.0,0.0,0.3,0.0,0.0,0,0.0,3,3,u,3.5
598,Lankshear,TOT,FWD,4.5,0.0,0.0,0.0,0.0,0.0,0,0.0,3,3,u,3.5
595,Olusesi,TOT,MID,4.3,0.0,0.0,0.2,0.0,0.0,0,0.0,3,3,a,3.5
810,Bentt,BRE,MID,4.5,0.0,0.0,0.0,0.0,0.0,0,0.0,3,3,a,3.5
797,Furo,BRE,FWD,4.5,0.0,0.0,0.0,0.0,0.0,0,0.0,3,3,a,3.5
594,Min-hyeok,TOT,MID,4.5,0.0,0.0,0.0,0.0,0.0,0,0.0,3,3,u,3.5
592,Moore,TOT,MID,5.0,0.0,0.0,0.0,0.0,0.0,0,0.0,3,3,u,3.5
134,Trevitt,BRE,MID,4.5,0.0,0.0,0.0,0.0,0.0,0,0.0,3,3,u,3.5
137,Morgan,BRE,FWD,4.4,0.0,0.0,0.3,0.0,0.0,0,0.0,3,3,u,3.5
66,Neto,BOU,GK,4.5,0.0,0.0,0.1,0.0,0.0,0,0.0,3,3,u,3.5
196,Sambo,BUR,DEF,4.0,0.0,0.0,0.0,0.0,0.0,0,0.0,3,3,u,3.5
212,Adewumi,BUR,MID,4.5,0.0,0.0,0.0,0.0,0.0,0,0.0,3,3,u,3.5
219,Obafemi,BUR,FWD,4.4,0.0,0.0,0.1,0.0,0.0,0,0.0,3,3,u,3.5
495,Hayden,NEW,MID,4.5,0.0,0.0,0.0,0.0,0.0,0,0.0,3,3,u,3.5
492,Antoñito C.,NEW,MID,4.9,0.0,0.0,0.0,0.0,0.0,0,0.0,3,3,u,3.5
127,Nunes,BRE,MID,4.9,0.0,0.0,0.0,0.0,0.0,0,0.0,3,3,u,3.5
528,Patterson,SUN,GK,4.2,0.0,0.0,0.2,0.0,0.0,0,0.0,3,3,u,3.5
529,Moore,SUN,GK,3.9,0.0,0.0,0.4,0.0,0.0,0,0.0,3,3,a,3.5
530,Nna Noukeu,SUN,GK,3.9,0.0,0.0,0.1,0.0,0.0,0,0.0,3,3,u,3.5
534,Anderson,SUN,DEF,3.8,0.0,0.0,0.3,0.0,0.0,0,0.0,3,3,u,3.5
533,Alese,SUN,DEF,4.0,0.0,0.0,0.0,0.0,0.0,0,0.0,3,3,u,3.5
536,Hjelde,SUN,DEF,4.0,0.0,0.0,0.0,0.0,0.0,0,0.0,3,3,u,3.5
537,Huggins,SUN,DEF,4.0,0.0,0.0,0.1,0.0,0.0,0,0.0,3,3,u,3.5
576,Phillips,TOT,DEF,4.0,0.0,0.0,0.0,0.0,0.0,0,0.0,3,3,u,3.5
538,Johnson,SUN,DEF,3.8,0.0,0.0,0.2,0.0,0.0,0,0.0,3,3,u,3.5
540,Pembele,SUN,DEF,3.9,0.0,0.0,0.3,0.0,0.0,0,0.0,3,3,u,3.5
566,Austin,TOT,GK,3.9,0.0,0.0,0.3,0.0,0.0,0,0.0,3,3,a,3.5
589,Solomon,TOT,MID,5.4,0.0,0.0,0.0,0.0,0.0,0,0.0,3,3,u,3.5
579,Son,TOT,MID,8.5,0.0,0.0,0.1,0.0,0.0,0,0.0,3,3,u,3.5
806,Mandas,BOU,GK,4.0,0.0,0.0,0.0,0.0,0.0,0,0.0,3,3,a,3.5
799,Stevens,BOU,MID,4.5,0.0,0.0,0.0,0.0,0.0,0,0.0,3,3,a,3.5
546,Aleksić,SUN,MID,4.9,0.0,0.0,0.0,0.0,0.0,0,0.0,3,3,a,3.5
550,Poveda,SUN,MID,4.8,0.0,0.0,0.0,0.0,0.0,0,0.0,3,3,a,3.5
99,Adu-Adjei,BOU,FWD,4.4,0.0,0.0,0.1,0.0,0.0,0,0.0,3,3,u,3.5
687,Rees-Dottin,BOU,MID,4.3,0.0,0.0,0.2,0.0,0.0,0,0.0,3,3,a,3.5
94,Sadi,BOU,MID,4.5,0.0,0.0,0.0,0.0,0.0,0,0.0,3,3,u,3.5
92,Faivre,BOU,MID,4.5,0.0,0.0,0.1,0.0,0.0,0,0.0,3,3,u,3.5
91,Sinisterra,BOU,MID,5.0,0.0,0.0,0.0,0.0,0.0,0,0.0,3,3,u,3.5
104,Eyestone,BRE,GK,3.9,0.0,0.0,0.1,0.0,0.0,0,0.0,3,3,a,3.5
756,DaCosta,BOU,MID,4.5,0.0,0.0,0.0,0.0,0.0,0,0.0,3,3,a,3.5
782,Forster,BOU,GK,4.0,0.0,0.0,0.0,0.0,0.0,0,0.0,3,3,a,3.5
557,H.Jones,SUN,MID,4.3,0.0,0.0,0.1,0.0,0.0,0,0.0,3,3,a,3.5
556,Ekwah,SUN,MID,4.5,0.0,0.0,0.0,0.0,0.0,0,0.0,3,3,u,3.5
554,Ba,SUN,MID,4.3,0.0,0.0,0.3,0.0,0.0,0,0.0,3,3,a,3.5
555,Browne,SUN,MID,4.5,0.0,0.0,0.0,0.0,0.0,0,0.0,3,3,u,3.5
103,Cox,BRE,GK,3.9,0.0,0.0,0.1,0.0,0.0,0,0.0,3,3,u,3.5
102,Balcombe,BRE,GK,3.9,0.0,0.0,0.3,0.0,0.0,0,0.0,3,3,a,3.5
558,Matete,SUN,MID,4.3,0.0,0.0,0.2,0.0,0.0,0,0.0,3,3,u,3.5
559,Triantis,SUN,MID,4.4,0.0,0.0,0.0,0.0,0.0,0,0.0,3,3,u,3.5
562,Abdullahi,SUN,FWD,4.2,0.0,0.0,0.5,0.0,0.0,0,0.0,3,3,a,3.5
563,Luís Hemir,SUN,FWD,4.4,0.0,0.0,0.1,0.0,0.0,0,0.0,3,3,u,3.5
564,Rusyn,SUN,FWD,4.4,0.0,0.0,0.1,0.0,0.0,0,0.0,3,3,u,3.5
774,Jenson Jones,SUN,DEF,4.0,0.0,0.0,0.0,0.0,0.0,0,0.0,3,3,a,3.5
775,Tutierov,SUN,MID,4.5,0.0,0.0,0.0,0.0,0.0,0,0.0,3,3,u,3.5
812,Ellborg,SUN,GK,4.0,0.0,0.0,0.0,0.0,0.0,0,0.0,3,3,a,3.5
95,Silcott-Duberry,BOU,MID,4.4,0.0,0.0,0.1,0.0,0.0,0,0.0,3,3,u,3.5
639,Meupiyou,WOL,DEF,4.0,0.0,0.0,0.0,0.0,0.0,0,0.0,3,3,u,3.5
711,Harriman-Annous,ARS,MID,4.4,0.0,0.0,0.0,0.0,0.0,0,0.0,3,3,a,3.5
34,Gauci,AVL,GK,4.0,0.0,0.0,0.1,0.0,0.0,0,0.0,3,3,u,3.5
649,B.Traore,WOL,MID,5.0,0.0,0.0,0.0,0.0,0.0,0,0.0,3,3,u,3.5
3,Hein,ARS,GK,4.0,0.0,0.0,0.2,0.0,0.0,0,0.0,3,3,u,3.5
647,Guedes,WOL,MID,5.5,0.0,0.0,0.0,0.0,0.0,0,0.0,3,3,u,3.5
4,Setford,ARS,GK,3.9,0.0,0.0,0.2,0.0,0.0,0,0.0,3,3,a,3.5
51,Iling Jr,AVL,MID,5.5,0.0,0.0,0.0,0.0,0.0,0,0.0,3,3,u,3.5
23,Fábio Vieira,ARS,MID,5.4,0.0,0.0,0.0,0.0,0.0,0,0.0,3,3,u,3.5
28,Kabia,ARS,MID,4.5,0.0,0.0,0.1,0.0,0.0,0,0.0,3,3,u,3.5
29,Sambi,ARS,MID,4.5,0.0,0.0,0.0,0.0,0.0,0,0.0,3,3,u,3.5
759,Salmon,ARS,DEF,4.0,0.0,0.0,0.0,0.0,0.0,0,0.0,3,3,a,3.5
778,Sutherland,WOL,MID,4.5,0.0,0.0,0.0,0.0,0.0,0,0.0,3,3,a,3.5
777,Ojinnaka,WOL,MID,4.5,0.0,0.0,0.0,0.0,0.0,0,0.0,3,3,u,3.5
809,Abbey,WOL,MID,4.5,0.0,0.0,0.0,0.0,0.0,0,0.0,3,3,a,3.5
767,Rawlings,WOL,MID,4.5,0.0,0.0,0.0,0.0,0.0,0,0.0,3,3,a,3.5
766,Olagunju,WOL,DEF,4.0,0.0,0.0,0.0,0.0,0.0,0,0.0,3,3,a,3.5
653,Hodge,WOL,MID,4.5,0.0,0.0,0.0,0.0,0.0,0,0.0,3,3,u,3.5
655,Fábio Silva,WOL,FWD,4.9,0.0,0.0,0.2,0.0,0.0,0,0.0,3,3,u,3.5
15,Nichols,ARS,DEF,3.7,0.0,0.0,0.2,0.0,0.0,0,0.0,3,3,a,3.5
14,Kacurri,ARS,DEF,3.9,0.0,0.0,0.1,0.0,0.0,0,0.0,3,3,u,3.5
13,Clarke,ARS,DEF,3.8,0.0,0.0,0.4,0.0,0.0,0,0.0,3,3,a,3.5
9,Kiwior,ARS,DEF,5.4,0.0,0.0,0.0,0.0,0.0,0,0.0,3,3,u,3.5
672,Hato,CHE,DEF,4.6,0.2,0.7,0.2,0.1492063492063492,16.6,0,0.14,4,2,a,3.0
231,M.Sarr,CHE,DEF,4.5,0.2,1.0,0.0,0.0007936507936507937,0.0,0,0.0,4,2,a,3.0
462,J.Fletcher,MUN,MID,4.3,0.0,1.0,0.1,0.04246031746031746,4.8,0,0.05,4,2,a,2.7
229,B.Badiashile,CHE,DEF,4.4,0.0,0.9,0.0,0.1865079365079365,11.4,0,0.01,4,2,a,2.6
244,Lavia,CHE,MID,4.9,0.0,1.0,0.0,0.041666666666666664,1.8,0,0.04,4,2,a,2.6
769,Bendito Mantato,MUN,MID,4.5,0.0,1.0,0.0,0.005952380952380952,1.4,0,0.06,4,2,a,2.6
448,Malacia,MUN,DEF,3.8,0.0,1.0,0.4,0.0007936507936507937,0.3,0,0.0,4,2,a,2.5
446,Fredricson,MUN,DEF,3.8,0.0,1.0,0.1,0.0007936507936507937,0.4,0,0.0,4,2,a,2.5
175,Knight,BHA,MID,4.4,0.0,1.0,0.1,0.0003968253968253968,0.0,0,0.0,4,2,u,2.5
744,Oriola,BHA,MID,4.5,0.0,1.0,0.0,0.0003968253968253968,0.0,0,0.0,4,2,a,2.5
172,Watson,BHA,MID,4.8,0.0,0.8,0.0,0.02261904761904762,1.6,0,0.11,4,2,u,2.2
527,Awoniyi,NFO,FWD,5.2,0.0,1.6,0.3,0.08095238095238096,19.6,1,0.55,5,1,a,2.2
734,Bakwa,NFO,MID,5.9,0.2,1.4,0.0,0.12936507936507938,23.3,0,0.31,5,1,a,1.8
522,Yates,NFO,MID,4.7,0.4,1.3,0.1,0.14563492063492064,14.9,0,0.07,5,1,a,1.4
12,Zinchenko,NFO,DEF,4.9,0.0,1.4,0.2,0.13968253968253969,18.6,0,0.11,5,1,u,0.7
467,Obi,MUN,FWD,4.2,0.0,0.0,1.6,0.0,0.0,0,0.0,4,2,a,0.1
445,Amass,MUN,DEF,4.0,0.0,0.0,0.1,0.0,0.0,0,0.0,4,2,u,0.0
142,Scherpen,BHA,GK,4.0,0.0,0.0,0.0,0.0,0.0,0,0.0,4,2,u,0.0
696,Kalimuendo,NFO,FWD,6.0,0.0,1.0,0.1,0.03531746031746032,6.3,0,0.46,5,1,u,0.0
439,D.Leon,MUN,DEF,4.2,0.0,0.0,0.1,0.0,0.0,0,0.0,4,2,a,0.0
435,Mee,MUN,GK,3.9,0.0,0.0,0.1,0.0,0.0,0,0.0,4,2,a,0.0
150,Lamptey,BHA,DEF,4.4,0.0,0.0,0.1,0.0,0.0,0,0.0,4,2,u,0.0
179,Ferguson,BHA,FWD,5.5,0.0,0.0,0.0,0.0,0.0,0,0.0,4,2,u,0.0
171,Sarmiento,BHA,MID,4.9,0.0,0.0,0.0,0.0,0.0,0,0.0,4,2,u,0.0
165,Sima,BHA,MID,5.4,0.0,0.0,0.0,0.0,0.0,0,0.0,4,2,u,0.0
176,Mazilu,BHA,MID,4.5,0.0,0.0,0.0,0.0,0.0,0,0.0,4,2,u,0.0
147,Estupiñan,BHA,DEF,4.5,0.0,0.0,0.0,0.0,0.0,0,0.0,4,2,u,0.0
177,Moran,BHA,MID,4.5,0.0,0.0,0.0,0.0,0.0,0,0.0,4,2,u,0.0
234,Anselmino,CHE,DEF,4.0,0.0,0.0,0.1,0.0,0.0,0,0.0,4,2,u,0.0
468,Wheatley,MUN,FWD,4.5,0.0,0.0,0.1,0.0,0.0,0,0.0,4,2,u,0.0
155,Slater,BHA,DEF,4.0,0.0,0.0,0.1,0.0,0.0,0,0.0,4,2,u,0.0
156,Tasker,BHA,DEF,3.8,0.0,0.0,0.2,0.0,0.0,0,0.0,4,2,a,0.0
161,Enciso,BHA,MID,5.4,0.0,0.0,0.0,0.0,0.0,0,0.0,4,2,u,0.0
154,Cashin,BHA,DEF,4.0,0.0,0.0,0.0,0.0,0.0,0,0.0,4,2,u,0.0
140,McGill,BHA,GK,3.9,0.0,0.0,0.3,0.0,0.0,0,0.0,4,2,a,0.0
141,Rushworth,BHA,GK,4.0,0.0,0.0,0.0,0.0,0.0,0,0.0,4,2,u,0.0
138,Steele,BHA,GK,4.2,0.0,0.0,0.2,0.0,0.0,0,0.0,4,2,a,0.0
174,Yalcouye,BHA,MID,5.0,0.0,0.0,0.0,0.0,0.0,0,0.0,4,2,u,0.0
240,Nkunku,CHE,MID,5.9,0.0,0.0,0.1,0.0,0.0,0,0.0,4,2,u,0.0
223,Slonina,CHE,GK,3.9,0.0,0.0,0.1,0.0,0.0,0,0.0,4,2,a,0.0
434,Heaton,MUN,GK,3.9,0.0,0.0,0.2,0.0,0.0,0,0.0,4,2,a,0.0
803,Sharman-Lowe,CHE,GK,4.0,0.0,0.0,0.0,0.0,0.0,0,0.0,4,2,a,0.0
761,Simmonds,BHA,DEF,4.0,0.0,0.0,0.0,0.0,0.0,0,0.0,4,2,a,0.0
222,Penders,CHE,GK,4.0,0.0,0.0,0.0,0.0,0.0,0,0.0,4,2,u,0.0
451,Rashford,MUN,MID,7.0,0.0,0.0,0.0,0.0,0.0,0,0.0,4,2,u,0.0
454,Antony,MUN,MID,5.9,0.0,0.0,0.1,0.0,0.0,0,0.0,4,2,u,0.0
432,Onana,MUN,GK,4.9,0.0,0.0,0.1,0.0,0.0,0,0.0,4,2,u,0.0
465,Højlund,MUN,FWD,6.3,0.0,0.0,0.3,0.0,0.0,0,0.0,4,2,u,0.0
789,Merrick,CHE,GK,4.0,0.0,0.0,0.0,0.0,0.0,0,0.0,4,2,a,0.0
788,Kukonki,MUN,DEF,4.0,0.0,0.0,0.0,0.0,0.0,0,0.0,4,2,a,0.0
463,Kone,MUN,MID,4.3,0.0,0.0,0.1,0.0,0.0,0,0.0,4,2,u,0.0
464,Moorhouse,MUN,MID,4.5,0.0,0.0,0.0,0.0,0.0,0,0.0,4,2,u,0.0
461,Fitzgerald,MUN,MID,4.3,0.0,0.0,0.0,0.0,0.0,0,0.0,4,2,a,0.0
460,Collyer,MUN,MID,4.5,0.0,0.0,0.0,0.0,0.0,0,0.0,4,2,u,0.0
251,N.Jackson,CHE,FWD,6.5,0.0,0.0,0.1,0.0,0.0,0,0.0,4,2,u,0.0
248,Paez,CHE,MID,4.5,0.0,0.0,0.0,0.0,0.0,0,0.0,4,2,u,0.0
743,Emenalo,CHE,MID,4.5,0.0,0.0,0.0,0.0,0.0,0,0.0,4,2,a,0.0
433,Harrison,MUN,GK,4.0,0.0,0.0,0.0,0.0,0.0,0,0.0,4,2,u,0.0
426,McAtee,NFO,MID,5.0,0.2,0.9,0.1,0.06746031746031746,7.2,0,0.1,5,1,a,-0.3
675,Gunn,NFO,GK,4.0,0.2,1.0,1.1,0.017857142857142856,0.1,0,0.0,5,1,a,-0.4
513,Abbott,NFO,DEF,3.8,0.2,1.0,0.3,0.047619047619047616,3.2,0,0.01,5,1,a,-0.4
518,Jota,NFO,MID,5.4,0.0,1.0,0.0,0.004365079365079365,1.0,0,0.0,5,1,u,-1.0
729,Cuiabano,NFO,DEF,4.5,0.0,0.0,0.0,0.0,0.0,0,0.0,5,1,u,-3.5
503,C.Miguel,NFO,GK,4.0,0.0,0.0,0.1,0.0,0.0,0,0.0,5,1,u,-3.5
523,Da Silva Moreira,NFO,MID,4.5,0.0,0.0,0.1,0.0,0.0,0,0.0,5,1,a,-3.5
520,O'Brien,NFO,MID,5.0,0.0,0.0,0.0,0.0,0.0,0,0.0,5,1,u,-3.5
504,Turner,NFO,GK,4.0,0.0,0.0,0.1,0.0,0.0,0,0.0,5,1,u,-3.5
512,O.Richards,NFO,DEF,4.5,0.0,0.0,0.0,0.0,0.0,0,0.0,5,1,u,-3.5
509,David Carmo,NFO,DEF,4.5,0.0,0.0,0.0,0.0,0.0,0,0.0,5,1,u,-3.5
524,Stamenic,NFO,MID,4.5,0.0,0.0,0.0,0.0,0.0,0,0.0,5,1,u,-3.5
